1,Apresiasi Budaya & Bahasa Jepang,jepang-1.jpg
2,Apresiasi Budaya & Bahasa Jepang,jepang-2.jpg
3,Apresiasi Budaya & Bahasa Jepang,jepang-3.jpg
4,Apresiasi Budaya & Bahasa Jepang,jepang-4.jpg
5,Apresiasi Budaya & Bahasa Jepang,jepang-5.jpg
6,Apresiasi Budaya & Bahasa Jepang,jepang-6.jpg
7,Apresiasi Budaya & Bahasa Jepang,jepang-7.jpg
8,Apresiasi Budaya & Bahasa Jepang,jepang-8.jpg
9,Apresiasi Budaya & Bahasa Jepang,jepang-9.jpg
10,Apresiasi Budaya & Bahasa Jepang,jepang-10.jpg
11,Apresiasi Budaya & Bahasa Jepang,jepang-11.jpg
12,Apresiasi Budaya & Bahasa Jepang,jepang-12.jpg
13,Apresiasi Budaya & Bahasa Jepang,jepang-13.jpg
14,Apresiasi Budaya & Bahasa Jepang,jepang-14.jpg
15,Apresiasi Budaya & Bahasa Jepang,jepang-15.jpg
16,Apresiasi Budaya & Bahasa Jepang,jepang-16.jpg
17,Apresiasi Budaya & Bahasa Jepang,jepang-17.jpg
18,Apresiasi Budaya & Bahasa Jepang,jepang-18.jpg
19,Apresiasi Budaya & Bahasa Jepang,jepang-19.jpg
20,Apresiasi Budaya & Bahasa Jepang,jepang-20.jpg
21,Apresiasi Budaya & Bahasa Jepang,jepang-21.jpg
22,Apresiasi Budaya & Bahasa Jepang,jepang-22.jpg
23,Apresiasi Budaya & Bahasa Jepang,jepang-23.jpg
24,Apresiasi Budaya & Bahasa Jepang,jepang-24.jpg
25,Apresiasi Budaya & Bahasa Jepang,jepang-25.jpg
26,Apresiasi Budaya & Bahasa Jepang,jepang-26.jpg
27,Apresiasi Budaya & Bahasa Jepang,jepang-27.jpg
28,Apresiasi Budaya & Bahasa Jepang,jepang-28.jpg
29,Apresiasi Budaya & Bahasa Jepang,jepang-29.jpg
30,Apresiasi Budaya & Bahasa Jepang,jepang-30.jpg
31,Apresiasi Budaya & Bahasa Jepang,jepang-31.jpg
32,Apresiasi Budaya & Bahasa Jepang,jepang-32.jpg
33,Apresiasi Budaya & Bahasa Jepang,jepang-33.jpg
34,Apresiasi Budaya & Bahasa Jepang,jepang-34.jpg
35,Apresiasi Budaya & Bahasa Jepang,jepang-35.jpg
36,Apresiasi Budaya & Bahasa Jepang,jepang-36.jpg
37,Sosialisasi PT MAK,sosialisasi-1.jpg
38,Sosialisasi PT MAK,sosialisasi-2.jpg
39,Sosialisasi PT MAK,sosialisasi-3.jpg
40,Sosialisasi PT MAK,sosialisasi-4.jpg
41,Sosialisasi PT MAK,sosialisasi-5.jpg
